HR,HR.err,HR_o,HR_o.err,gmass,gmass.err_down,gmass.err_up,host.zcmb,host.zhelio,host.zhelio.err,lssfr,lssfr.err_down,lssfr.err_up,mass,mass.err_down,mass.err_up,name,p(highgmass),p(prompt),salt2.Color,salt2.Color.err,salt2.CovColorRestFrameMag_0_B,salt2.CovColorX1,salt2.CovRestFrameMag_0_BX1,salt2.RestFrameMag_0_B,salt2.RestFrameMag_0_B.err,salt2.X1,salt2.X1.err,target.dec,target.ra
-0.028268332947069347,0.12662675739786666,-0.168041969854265,0.0655631186216734,10.605667511553815,0.09941903892958948,0.10466161677048902,0.03808596371373296,0.03935,6.7e-05,-11.575859881248242,0.9063630991597975,0.5012741229674553,7.227746854473351,0.2200923688527734,0.20507801109268176,CSS110918_02,1.0,0.04033333333333333,-0.0600833824684,0.0266074178242,0.000740272848377,0.000522212359517,0.000931301589937,16.8750943595,0.0321436819018,-0.28010815701,0.165242441865,3.19944444444,340.11425
0.09111466849472047,0.12895126333966161,-0.24548967429069535,0.06809102169763612,10.17629868090096,0.10128579601725463,0.0991619639706176,0.03724196098764643,0.036298,0.000133,-10.577201370285856,0.255614668575868,0.2632110089000257,6.961127786545262,0.24238949622346073,0.22360066125283673,CSS120424_01,0.9534,0.8056666666666666,-0.0720962228569,0.0276034885478,0.000810645858817,0.000656331840765,0.00167861321552,16.7475785925,0.0343005307,0.85354603697,0.172993918242,-11.3523583333,210.567666667
0.18308984422268035,0.1322441115993517,-0.11296530481397582,0.07355181257219864,9.166445478765109,0.09900803481687248,0.10034381126916259,0.03380791099182545,0.0328,1e-05,-10.45335762215172,0.23594915461425714,0.22620606259031817,7.152749953502428,0.21732572805972517,0.21565567795765705,CSS130502_01,0.0,0.9323333333333333,-0.0952781100594,0.0292883454561,0.000914960291047,0.00171458243953,0.00273073011918,16.6643017652,0.0358329540415,0.0176692132361,0.225870866954,30.0293583333,175.041875
0.03362862360853067,0.11711820240500583,0.0647048572352773,0.04271876564167131,9.566475784499964,0.10343315008249121,0.09954015488453827,0.07520433803742543,0.076513,2.7e-05,-9.743920958645322,0.2232085751570807,0.22301886428128803,7.5728680153020616,0.22161275702128602,0.22235653685278844,LSQ12ekl,0.0,1.0,-0.0114954088492,0.0262175179538,0.000697835589914,0.000179144879514,0.00102314229353,18.646182717,0.0314731649479,-0.368237838919,0.125417593008,-1.86509722222,347.856
0.05261890879292461,0.12789023026472005,0.12192233539446562,0.05448527939453646,10.272275867234221,0.1029277798544328,0.10074847018698918,0.06682130961187704,0.067467,0.00055,-10.442461040187727,0.4218140231035825,0.4658823789433981,7.139478676607559,0.4231545763343805,0.3290932805608344,LSQ12fmx,0.996,0.804,-0.0393362303298,0.0316579480676,0.00103517708524,0.000881802243348,0.00320899552103,18.4331437325,0.0399143954598,-1.29679014513,0.18719946744,-0.203555555556,48.2172083333
0.014335921897720233,0.1257563096052925,0.3371145126946473,0.06065703435861571,10.434991606139878,0.09825186118225382,0.09968968995544891,0.04257065632048418,0.042224,0.000126,-10.713580268566337,0.12705422733677274,0.12785838715553055,7.825702706905332,0.12305511136138314,0.12435185169945484,LSQ13vy,1.0,0.747,0.0401664606095,0.0274343186321,0.000752011560165,7.29755185455e-05,0.000588353493034,17.6294336205,0.0321882626314,-1.25341615622,0.114161159308,3.00423055556,241.732708333
0.015037108229139257,0.11604975496093779,-0.18299319983898954,0.04471955628599334,8.741922530650754,0.10500720428357724,0.10711320138266878,0.06614553443656201,0.06737,5e-05,-10.308931659122386,0.191319925057849,0.20486133528048356,7.266639577649332,0.20062518555512643,0.183792030362115,PTF09dlc,0.0,0.9966666666666667,-0.0614451118435,0.0253715088284,0.00066513512554,0.000141151363901,0.000454637154761,18.1050545123,0.0303219452076,0.10692538114,0.111140827589,6.41921944444,326.625416667
-0.13840904833771153,0.14548652587470495,-0.08487533563568661,0.09872293390715974,7.925805099344497,0.11263149263355476,0.11129830789253692,0.023246606628315458,0.02338,6e-05,-10.48982152219056,0.10966270302732539,0.10500610982579417,7.6194944152558755,0.10567338302999296,0.10838196224064589,PTF09dnl,0.0,0.997,0.0406001390238,0.0259700032888,0.000715205716116,8.0712231114e-05,0.000331367118638,15.8613795662,0.0314534976277,0.693268555875,0.102088231858,30.4970805556,260.924166667
-0.19019992519733867,0.12873178506133318,-0.18702803786820965,0.06826199062416811,10.710438749907109,0.1006833668732181,0.10005304917014257,0.03744233755497617,0.037172,0.000193,-12.189741571534311,0.607267892831242,0.42484469566377037,7.56591221696322,0.15293560184259825,0.15437688846534137,PTF09dnp,1.0,0.0,-0.0401630262087,0.0283655262982,0.000829428046353,0.00159627826166,0.00138137115618,16.8180261849,0.0342196188662,-0.840559357956,0.240049068048,49.499,229.851791667
-0.1670093504331455,0.12294199909805109,-0.031552316201711506,0.053391157983217315,10.543154148354471,0.1009969718219157,0.10222248722732274,0.05325589135388009,0.0544,7.7e-05,-13.31316895576498,0.5383028315667993,0.4101141372252428,8.704027652593362,0.1040111671273074,0.10419275832825292,PTF09foz,1.0,0.0,-0.0166665831486,0.0290493537699,0.000860879503535,0.00190508825174,0.00263426437534,17.7647150589,0.0343251202857,-1.24038289005,0.248432026575,-9.88124166667,10.5488333333
0.35113308377842356,0.13371312878642544,0.5870012690913953,0.07507389372429338,8.276704935895467,0.102308130848618,0.10103842676817365,0.03223392143575632,0.03152,7e-05,-10.607125105131086,0.1076510349977653,0.1090313239908145,7.962570705001683,0.1080072851671181,0.10733259487451186,PTF10hmv,0.0,0.968,0.124310573306,0.0274688744578,0.000771036779241,2.01222928676e-05,0.000796087477158,17.2581108974,0.0327973451121,1.34709497556,0.141412697529,47.2749,182.888583333
0.12930738605288847,0.1484582994641055,0.14309512173412742,0.10321213761155541,9.012047306015393,0.09758781754401191,0.10474284779379417,0.031174384138322964,0.0313,0.001,-11.07693243404768,0.11015368316551388,0.10824108463356019,7.977483424056707,0.10331924965679562,0.10962848485374543,PTF10mwb,0.0,0.006000000000000005,-0.0305680644336,0.0257194835913,0.000691574889627,0.000199359914617,0.000527462417181,16.739855262,0.0308045849114,-0.691654787524,0.0974615846018,40.8811111111,259.457916667
0.11393798996856427,0.12059558767423735,-0.24698755364449454,0.04934590854815368,8.808854112866207,0.10466012909159872,0.09704934673709431,0.05760140183724283,0.05746,5e-05,-9.56793526051855,0.14669858198666041,0.14320675701637775,7.509181849954295,0.14205215640981095,0.14213635882520403,PTF10qjl,0.0,1.0,-0.0615987772849,0.0263414334078,0.000703966166184,-1.98147390418e-05,0.00077523954691,17.726748635,0.0317853309925,1.27491738077,0.13718211916,12.1071694444,249.997541667
-0.08879529529816713,0.13663248307299208,0.053229909878957926,0.08400697083076185,9.746044147374484,0.10026059134103527,0.10498064920523476,0.028038466538668594,0.028107,3e-06,-10.177393533209077,0.09650112296505498,0.09617750197550734,8.967166457503748,0.09717384026116882,0.0983935136740115,PTF10qjq,0.0058,1.0,0.0255537293767,0.0268164079841,0.000757862409654,0.000204842375674,0.000759832253468,16.4145153195,0.0325454268181,-0.29643237912,0.0982379878299,35.5098277778,256.801708333
-0.0048108568910884275,0.12453567811843205,-0.004102839394299451,0.06323535109704141,10.158079191516727,0.09898187804757086,0.10216494978718238,0.039673199470487086,0.040952,1.7e-05,-11.494266321116928,0.5686782945991098,0.34593279478179895,7.681977500454288,0.14691236913251515,0.15085455325871333,PTF10tce,0.9428,0.010333333333333306,0.0147100719996,0.0258834664731,0.00070805432424,0.00022295969956,0.000842430126763,17.1303365779,0.0316549275202,0.46539765119,0.118457796547,9.19844444444,349.792666667
0.01860212350485066,0.11828797264743401,-0.11560214946699432,0.04539638433023848,10.220104023189469,0.09770693002654518,0.09875447272663429,0.0648367910042229,0.066014,5.4e-05,-10.705177883897612,0.11545770090052798,0.12062970973292053,8.171167137967382,0.11451093104320442,0.11087835912981348,PTF10wnm,0.9872,0.7956666666666666,-0.0185062735541,0.0258028407488,0.00067509411709,5.03058962366e-05,0.000620699291116,18.1269158153,0.0305923130544,0.655925863637,0.146852408255,27.0406527778,5.515
0.11742612824817864,0.1191568974251683,0.12134163108216,0.05195189130556796,9.69264967704412,0.10167918249720742,0.09911797056669336,0.05131239237476071,0.052588,7.1e-05,-10.684431543786976,0.13987072141495105,0.13049323821054593,7.816541640044754,0.12722441415981134,0.12416184796551466,PTF10wof,0.0008,0.7989999999999999,0.00294890365145,0.0252209101166,0.0006550649594,4.63523010485e-05,0.000275759991909,17.8336802794,0.0299850138771,0.166215573875,0.117763192627,15.3588333333,353.174458333
0.37073303086700304,0.12548099629574289,0.7551940183359207,0.06125165532611232,9.259717097058608,0.10070780075463759,0.10022299290591974,0.047570689887328044,0.048851,1e-05,-10.577996699387757,0.09846323830480941,0.10176287262975592,8.739741920110397,0.09902857648632057,0.10058554418610477,PTF10xyt,0.0,0.9873333333333333,0.107715473609,0.0307903652872,0.00108270529781,0.00169028788572,0.00389824571445,18.2969411252,0.0408397246446,-0.11123365374,0.198587214349,13.7906527778,349.760125
0.08902051754290805,0.13390257728631572,0.3103993025417182,0.0775740070492293,9.285760527574576,0.10019308998484,0.09986677265577981,0.031737204053943424,0.032607,3.8e-05,-10.469792344153078,0.10316121451150018,0.09768428134455931,8.379603858498848,0.09803958796126011,0.10294870209592588,PTF10zdk,0.0,0.9996666666666667,0.0717115651193,0.0292978247281,0.00092968311767,0.00085543351781,0.00172234082165,16.9469554366,0.0364638813296,0.216459812714,0.156032879838,23.6307166667,33.5305833333
0.17649889943888505,0.11995510795105462,0.42525169385223904,0.05199392578132404,9.501506302728075,0.10082549871565405,0.09966775882990575,0.0552677364252081,0.055108,8.3e-05,-9.415125750006084,0.12600806809841814,0.1227330844082104,7.557537801709653,0.12295639985720719,0.12497898189771206,PTF11bnx,0.0,1.0,0.0681416625213,0.0277416174244,0.000821621237674,0.000984283540151,0.00184299484645,18.305348552,0.0338972754193,-0.0642329635949,0.170081945771,21.0853416667,247.5805
0.04017989569908517,0.1269612295911441,0.19451303207620896,0.06467737964731984,9.623756497068982,0.09976898293036918,0.09862067623654802,0.040152453730822435,0.039955,0.00024,-10.543766228443232,0.11152740554853224,0.11306111029644939,7.854738583162973,0.1110047392848923,0.10687655240580973,PTF11cao,0.0,0.987,0.0517580851957,0.0270020746239,0.000763454753793,1.87260762117e-05,0.000519358249381,17.3558237841,0.033014821779,0.230234910671,0.134412491024,25.1879055556,244.699791667
0.022104623050987676,0.11712281898888154,-0.27393136594373857,0.04225024202282446,9.81226118923146,0.09961866908542838,0.09656531471271101,0.07551748635834121,0.076724,1.3e-05,-10.013360685132325,0.10445334575758736,0.10104958473329084,9.12366700498902,0.10147629523615542,0.10493212354043635,PTF11mty,0.0338,1.0,-0.0607404629014,0.0261125398064,0.000687309378844,0.000317552758513,0.00111374529952,18.317076668,0.0309534853512,0.828359330526,0.147264059781,10.4235055556,323.521708333
-0.11104000686574059,0.138891995441928,-0.04555374578947635,0.08648151807306845,10.831595767338122,0.10493338495647109,0.09449104610621717,0.027662089785553068,0.028924,3e-05,-11.151945862661162,0.10816623839896877,0.10988430655724457,8.052815820186058,0.10860175072185285,0.10886422573853238,PTF11pbp,1.0,0.0006666666666667043,0.018463633269,0.0280799785356,0.000866302898905,0.000532917770553,0.0019211114179,16.2857535473,0.0362114105217,0.087610858942,0.130767969213,8.77918333333333,351.98125
-0.02550976492869031,0.12281525617686954,0.42059387838423845,0.04788508372267054,11.192683249514193,0.10146216049548684,0.09919102001359725,0.0637970521259843,0.063194,0.000175,-11.814411962333706,0.46912827844350957,0.33899606539991645,7.848369040237724,0.21530623178744612,0.17945005137765335,PTF12dxm,1.0,0.0006666666666667043,0.0372577948053,0.0289176486753,0.000806941275407,0.000432826815785,0.000843136683703,18.6263099529,0.0331507303412,-2.20869879928,0.181272341577,43.9134777778,208.360416667
-0.004216983277492453,0.13658948068908713,0.20022877095483693,0.08282471067444715,10.655968492224353,0.09843072711673173,0.09851494740609112,0.028414608614489634,0.029142,8.6e-05,-12.878558815455714,0.4302242951102304,0.26483822782183175,8.737905533698065,0.09755237872222722,0.10101569511417452,PTF12iiq,1.0,0.0,-0.00330926264738,0.0265469280066,0.000714631220844,1.80544474922e-05,0.000355012828105,16.5910824668,0.0312501473316,-1.42298890031,0.0958321258676,-0.265466666667,42.5323333333
-0.1008398293321641,0.17904757738494495,0.3102561792148677,0.14214987894425293,10.977173482992129,0.10050683044695141,0.09745169053141822,0.02960860529832443,0.030834,0.001596,-11.380860879372806,0.10724878223630263,0.10002715226313441,8.482412665007995,0.10099754834335606,0.1045068690229698,SN2004ef,1.0,0.0,0.0522903919048,0.0276720179127,0.00080106379903,0.000977014751502,0.00197188270585,16.792493601,0.0335764666605,-1.60399676068,0.173897364205,19.9945555556,340.54175
-0.21525968475117244,0.13086159201583697,0.03765269186539655,0.07920652035889414,10.201914972441427,0.09746595530448765,0.09702803691557449,0.031957463610882586,0.03192,6e-05,-10.872508778940762,0.10024255174938546,0.09896135905665027,9.138090846959003,0.0990508186887844,0.09685465389677361,SN2004gc,0.9788,0.24,0.0525152130464,0.0270174348911,0.00090765944555,-0.000688528176239,-0.001853082116,16.6895955946,0.0404970046223,-0.461006669913,0.105602623331,6.67602777778,80.458125
0.11741210953568734,0.12504151059691163,-0.16052128313620528,0.05866565041843633,10.722296196781704,0.10059941377058301,0.10067210019042427,0.04533016519769362,0.04629,7e-05,-11.143129067422722,0.11861485324380894,0.1192592766372389,8.27691696808906,0.10594382378375933,0.10682882667627602,SN2005hc,1.0,0.0020000000000000018,-0.0525228020236,0.0282664188273,0.000824774575864,0.00190779119788,0.00202307264364,17.2727575946,0.0336997245745,0.891082191259,0.280761348326,-0.213666666667,29.19975
-0.1442662515874155,0.13338282312677152,-0.20240899102392973,0.05286912751394631,9.596020132475566,0.10129934103298588,0.10032265182771027,0.05633020505604147,0.0574,5e-05,-10.529486528799977,0.10439649061480338,0.10661205191760459,8.466766227902134,0.1083487103744929,0.10489713922183697,SN2005hj,0.0002,0.9953333333333333,0.0604035190641,0.0303450649001,0.000888095527289,0.00307441431716,0.00192793700256,17.7207818138,0.0361303901486,1.96140151896,0.486119352806,-1.238,21.701125
-0.09375941122133971,0.1380074164948928,-0.18572604125009207,0.050324111479293075,10.27583318783142,0.09747519430597684,0.09757473211928769,0.0751692404399864,0.076295,6e-06,-10.1627359023337,0.10449871858994442,0.10783368718638009,8.408583725789859,0.10577854612558113,0.10484190684183936,SN2005ir,0.9972,1.0,0.0371520885446,0.0370926782694,0.0012879142391,0.0121958629603,0.0134220463724,18.3946813306,0.0412065816994,1.6588093052,0.679143574746,0.794555555556,19.1823333333
-0.02759142272226503,0.11825471893713935,-0.1798004048405062,0.04490139342799477,10.658417685705645,0.09960984685863217,0.10033901745283202,0.06826853036250191,0.06732,1e-05,-10.955282795991945,0.1304397500769685,0.12354525524365734,8.053313073468562,0.12498562803031454,0.1173676085699018,SN2006cj,1.0,0.10566666666666669,-0.0315011933555,0.0264811490807,0.00071596800332,0.000435710560448,0.000900797558481,18.1803057355,0.0316906486534,0.480344974164,0.177815200557,28.3476944444,194.85175
0.10882008448407485,0.16020356646405493,0.3160405347626636,0.11186392354436274,11.145327889259558,0.09694391343801811,0.09818807023616039,0.02079894496068757,0.022024,3.3e-05,-12.261767585618578,0.399505198310635,0.24621917426449258,8.178728930244748,0.10913104808100549,0.10714265858163685,SN2006dm,1.0,0.0,-0.0209779714995,0.0331915312087,0.00114662776322,0.00322438141883,0.00538192858225,16.0165770595,0.0400209857539,-1.8577474097,0.29113033893,-3.669,355.449333333
-0.12204275410924983,0.14691172174182884,0.11633303733450617,0.08850163795185159,10.786099310504596,0.09587347897296539,0.09822212684389164,0.02738959727479595,0.028426,6.7e-05,-13.4859890278775,0.6355773418352832,0.3928687106440094,9.099175066512656,0.09993411796048512,0.10144417988098553,SN2006do,1.0,0.0,-0.0401354656478,0.0338764599684,0.0011480007639,0.00653766997923,0.00809962473507,16.4256861281,0.0389725614873,-2.53158112916,0.454679573417,-27.7255,353.012833333
-0.14596461110627038,0.12818635684828686,0.17750099195716018,0.05001150591792833,11.384009840531832,0.10114467384496706,0.1005558300700038,0.05821464776210461,0.059206,3.4e-05,-12.77320861849115,0.4418752769442058,0.29043735158709616,8.834575259405787,0.10525112729218122,0.10573323462726769,SN2006ob,1.0,0.0,-0.0156288451508,0.0304447100767,0.000834017484174,0.000757174333028,0.00139525217278,18.1752392661,0.033289152222,-2.56824371893,0.239758490614,0.263416666667,27.9504583333
-0.11108861958348873,0.1546790065070666,-0.03372568790368291,0.11191393979360832,10.96166336909229,0.09757597324839651,0.09859105318097683,0.0219451022460444,0.020833,1.4e-05,-13.36213298332604,1.2521150921972914,1.0169291791434603,7.740817959137626,0.12155325502505399,0.1195073506027704,SN2007bc,1.0,0.0,-0.0159626757635,0.0326449559502,0.00135422820253,0.00138024371543,0.00109929214594,15.7852258967,0.0522653555806,-0.806024390796,0.243478917938,20.8090277778,169.810708333
0.03873813259498812,0.13540455571076643,-0.10216039577898783,0.07732597769147873,10.980613943133077,0.1016735299454119,0.09706582079080128,0.031404375088308845,0.030437,2.7e-05,-10.904054797682331,0.10380773606749649,0.10001257635629912,8.650404905470612,0.10082399347963289,0.10310089985750182,SN2007bd,1.0,0.15066666666666662,-0.0705980959418,0.0296142506051,0.000887431515495,0.00351219665576,0.00331571378681,16.5109461346,0.0345646637691,-0.518867691119,0.349013428344,-1.19944444444,127.888666667
-0.17445685014282267,0.14366355548188087,-0.3521767904568378,0.09455678341408119,9.740410623154276,0.10053578655793949,0.09996768838178838,0.024816959290729468,0.02604,8e-05,-10.814437037101301,0.10608585793292313,0.1045604374750031,8.019452123865474,0.10162818716074984,0.10186200140964274,SN2007cq,0.004,0.44466666666666665,-0.0767543704356,0.028052336761,0.000856038911233,0.000824201868022,0.00184872411158,15.7386668112,0.0351541904166,-0.398563851394,0.14729706394,5.08025,333.668458333
-0.14545629130044593,0.12458221041926923,-0.34849959128509767,0.0623019215398717,11.324698182842393,0.09730309972511719,0.09989400810238713,0.04070196251713787,0.041174,1.6e-05,-11.438251276009192,0.11414725949152427,0.11819540836213882,8.347834383477963,0.10693227950435436,0.10921421802113684,SN2007kk,1.0,0.0,-0.0444090482679,0.0259306287039,0.000708456247897,-0.000111334634611,-0.000470285493581,16.8432409468,0.0321639355011,0.542930112175,0.147713803836,39.2417777778,55.5969166667
-0.179378492481758,0.13011073623023944,0.05948492592622756,0.06467667846415728,11.5145907083917,0.099520338830418,0.10019580151662133,0.04389259855903327,0.045031,5.3e-05,-11.263024638084044,0.16213201745079964,0.15942302209567139,7.987372038706277,0.14317064083201103,0.14292062316492693,SN2007nq,1.0,0.0020000000000000018,-0.016281400897,0.0306647343258,0.000964667505686,0.000237903570697,-0.00149797379058,17.4204016206,0.0415773833563,-1.97507501243,0.224036906283,-1.38861111111,14.389875
-0.05350123689980327,0.13217542670531177,0.7768149713067274,0.06859156969750686,11.731797761984993,0.09858314154914893,0.10064474648603294,0.0398579156039538,0.041118,3.3e-05,-12.515607998073428,0.7887819247639509,0.4838464226628787,8.38596533026572,0.10975149109575177,0.11326602287264187,SN2009hi,1.0,0.0,0.151150318448,0.030565486635,0.000984437618485,-0.000553328574931,-0.000122501317442,17.921648398,0.0416348984591,-2.29827621852,0.0898941305132,16.7749444444,350.984416667
0.043259746272662575,0.11816371894806425,-0.16147355371022343,0.05090171340578961,10.6,0.1,0.1,0.05294479673010599,0.052895,9e-06,-10.739009133453862,0.22240788565428637,0.21049429520269847,7.369754223978019,0.20095091037986457,0.20254310714794954,SN2010dt,1.0,0.609,-0.0693902306749,0.0251929411546,0.000660112459776,8.66032097989e-05,0.000397675910801,17.6215597724,0.0301447918235,-0.0313890527767,0.0938212556926,32.6751083333,250.811125
0.27410981356852415,0.15059877281923068,-0.0054336576825022576,0.10593028310378494,9.719116207395631,0.10186925269662161,0.10119605908397489,0.021625006309296868,0.022812,5e-06,-10.358078619556903,0.10201539399296777,0.10601726320066263,7.837653182685649,0.10578606357217879,0.10075503076835801,SN2010ex,0.002,1.0,-0.074862001516,0.0264023806113,0.000761550466767,-0.000123945985634,-0.000327439371958,15.7810712756,0.0337316574121,0.37821308635,0.117079163823,26.0992222222,345.045416667
-0.2304709110939648,0.12917353315568414,-0.463871310217435,0.0482260269251288,10.726466101312393,0.10130746818461489,0.09635932049432583,0.06706555342022846,0.06719,0.00015,-12.049067273903871,0.690626758898933,0.6715114511455287,7.325502133334643,0.509370617758913,0.38031999157883156,SNF20050624-000,1.0,0.04366666666666663,-0.0681812213981,0.0290625942616,0.000911954106272,0.00605792888322,0.00785581933389,17.8556706812,0.0354090897535,0.203178233874,0.552877236301,-2.35680833333,263.697875
-0.19234333829854014,0.1286802124494268,-0.39139446197828676,0.07267759101488114,8.530012332795568,0.10013495795299399,0.10128141034558347,0.04193646862332745,0.04293,9e-05,-10.390752107127359,0.10830496428280512,0.11023663592594701,8.004271984301024,0.10764383407966349,0.10777566421334761,SNF20050728-000,0.0,1.0,-0.0336070992478,0.0298138033671,0.00111555417802,0.00107939472067,0.000808026990291,16.8672794167,0.0507852462134,0.767810455812,0.242970707652,-22.5872083333,14.3729583333
-0.028155855036201466,0.12071663340414653,0.2732015416016651,0.05059124493957987,10.002085605953248,0.10119381374439129,0.10357596651373768,0.05805715678480161,0.05921,7e-05,-10.966849947952849,0.22549215963166702,0.2253830753083239,7.830512077365887,0.2215021494329097,0.20648998670871777,SNF20050728-006,0.5082,0.2306666666666667,0.0949673541763,0.0278637733904,0.000818014558109,0.00161981056428,0.00266418320082,18.2647989562,0.0339659488307,0.187193442209,0.243344873036,-13.9985944444,329.518
-0.06071199182749401,0.12711676429629806,-0.23233012590071667,0.05304412523185618,8.922633940345955,0.10339050761089652,0.10178212239256546,0.058224895367172014,0.0593,8e-05,-10.295243232029101,0.13975716844613295,0.13958059851652216,7.835594229432093,0.13861062295891458,0.14139513137470416,SNF20050821-007,0.0,0.9996666666666667,-0.0533185623674,0.0304433985047,0.000972351656729,0.00225561469763,0.00416556394008,17.7658071683,0.0376017637964,0.107743861259,0.321561260223,9.24034722222,22.621625
0.218713463617869,0.13589598665015115,0.5352216439871853,0.08020567830730785,9.89608287033608,0.1014105764789619,0.09921173205591316,0.04401063189764187,0.04527,0.00031,-10.685664845562409,0.23266542292601322,0.20656640964358708,7.614215785247607,0.20453025191488727,0.21152864786073877,SNF20050829-003,0.1492,0.6930000000000001,0.0301406196324,0.0369241926801,0.00168847618464,0.00141606535389,-0.0051296331906,17.9021655816,0.0613563026678,-1.44369023321,0.36645507954,10.48965,336.718791667
0.251779906168219,0.12966396510730874,0.2554137949936006,0.06901617481432748,9.418261054625484,0.09630591545464817,0.09987834688549313,0.039570129665352116,0.04038,7e-05,-10.244368929868736,0.10068883733459977,0.10257751723944786,8.496889426577226,0.10147991413726842,0.10120492055268393,SNF20050927-005,0.0,1.0,0.0244387145912,0.0299887835178,0.00104787127946,0.000964632389841,-0.000207296096738,17.384033004,0.0416778121362,0.672749604353,0.284399946165,8.64264444444,39.1589583333
0.047739502477073564,0.13047558703929793,-0.37847768661862347,0.07296470372347058,9.143645074872662,0.09982747419704197,0.10013623566191576,0.033743788347095016,0.034547,1e-05,-10.534218616028406,0.10067827774687643,0.0993886785559912,8.651514915139531,0.100534061641115,0.10197990522547862,SNF20051003-004,0.0,0.9953333333333333,-0.0907145804279,0.0272570242599,0.000805749782015,0.000677097584256,0.00189686568316,16.3945597524,0.0343843560762,1.06097650668,0.14543689853,28.1768333333,36.93025
-0.06573785577254446,0.13927478868652016,-0.06141295325303986,0.08964554872556203,10.201239615134957,0.10063321883781917,0.09996533642009275,0.04665693248143388,0.04757,0.00129,-10.755025211981135,0.27878914628212925,0.2988033341842016,7.546972080576802,0.2702390700014359,0.24795877537816668,SNF20060511-014,0.9772,0.5613333333333334,-0.0315915748298,0.0307473529321,0.00123524208603,-0.000798423325603,-0.0022704743838,17.4367065476,0.0475988140532,-0.64762336493,0.17120368674,-24.6174944444,315.139041667
-0.057407635335527424,0.1263154871052494,-0.07329814865935447,0.06493084540713069,9.324394564348971,0.10338706357171112,0.09958654890844443,0.038860899984450414,0.03806,5e-05,-10.407796359887708,0.10190055224051875,0.09904402615867625,8.725971655829724,0.09987245288106728,0.09829353273169161,SNF20060512-001,0.0,1.0,0.0200568400197,0.0270350737842,0.000770963391199,0.000388539399919,0.00110624466548,17.014867867,0.0329522254068,0.710304244572,0.133263657931,17.7833166667,213.354083333
-0.44559857990140517,0.12272523976018013,-0.14309256543476323,0.059447925766799976,10.721210555240102,0.09791824694627493,0.0990588638368397,0.05092589424185823,0.05019,8e-05,-11.801242222185433,0.10555770467650305,0.10197852350060721,9.802501020995512,0.10266899692507536,0.10102993754042444,SNF20060512-002,1.0,0.0,0.0481421076794,0.0287318999662,0.000944427801937,7.94899523428e-05,-0.00143413406964,17.5521907971,0.041282720413,-0.920367293464,0.190020389776,17.0200083333,218.379875
-0.03351216104858215,0.13222956765818128,-0.035028915442261166,0.07132604534424802,9.876304385001223,0.09905809910388719,0.09851654533840737,0.06792370546262916,0.066665,0.001588,-13.334365165760733,0.7845411637193855,0.42328361631764366,9.215885782983419,0.09734713600960276,0.10282557867523856,SNF20060521-001,0.1076,0.0,-0.0546416477378,0.0289996576932,0.00086758992521,0.000146626919532,-0.00175156295555,18.3135199697,0.0385753561283,-1.14674639695,0.229178151859,-3.25806388889,184.220833333
-0.27180667365101174,0.14226057614071977,0.23926304429484446,0.0947115873029064,11.047053098921825,0.10204569538139552,0.09882603431279158,0.056185720861601895,0.05499,0.00179,-10.93687509058023,0.38272957482396386,0.3168521775029465,7.408952599198125,0.27099554629813216,0.24708481241570723,SNF20060521-008,1.0,0.33266666666666667,0.09329634834,0.0307881649796,0.00119909416529,-0.000165101322255,-0.00209442368469,18.156639664,0.0518721212119,-1.36036057583,0.201213670564,-5.10275555556,191.016
0.011982686481262966,0.11681852515393264,-0.11617729571243984,0.04065246607190918,10.516400064477438,0.09959120513550701,0.09850269927644106,0.07875496882451283,0.07795,7e-05,-10.37461745845401,0.34039429958020406,0.4183405938014477,7.29125834973072,0.42354747640278667,0.3289916280769791,SNF20060526-003,1.0,0.902,-0.03194846427,0.0256175821746,0.000656793412584,-0.000172185255162,0.000168570767578,18.571217718,0.0298103057028,0.296875731046,0.140525625586,-18.8790527778,220.762791667
-0.03863807210174533,0.11938734325624491,-0.332663483194267,0.05283012666635674,10.139307808123078,0.09731433684376434,0.103179428311579,0.057201560878879176,0.0569,0.000171,-10.23956371556733,0.12736721907091386,0.12023818822382104,7.960561071995294,0.11833478697496336,0.12531949192414427,SNF20060530-003,0.9184,1.0,-0.050280689176,0.0258204792337,0.000747576720328,-0.000522012946714,-0.0016144359416,17.6252906818,0.0361633424196,1.05945889709,0.161622934706,-0.333630555556,244.467791667
-0.06545243528230107,0.12601751704639333,0.586018255150222,0.06416590205211002,10.466953230946762,0.09855397829084467,0.09690006066465173,0.039893960628688774,0.03959,5e-05,-10.794475904964022,0.10020071929990593,0.09769574745462606,9.050181811879643,0.0970415662827726,0.10163449114689271,SNF20060609-002,1.0,0.5233333333333333,0.196975391355,0.0274838551003,0.000806901761901,5.38739069678e-05,0.000266847233688,17.7328744848,0.0338690241339,0.0638621003758,0.131296584568,17.4687805556,241.126916667
0.037526707882700044,0.1215084311445921,-0.14331361911023777,0.05346625398074527,8.788273535461297,0.10286520323839099,0.10667418516116456,0.06453434102129818,0.06378,7e-05,-10.504371550417126,0.1373147024597099,0.12641531413322937,8.037245333874473,0.12408683399183662,0.1304735936419963,SNF20060618-014,0.0,0.988,-0.019623794818,0.0283773784216,0.000978826214324,-0.00107665010813,-0.00167416041804,18.0885575671,0.0414835242687,0.965113042073,0.162541670915,2.871925,221.986208333
0.29159273712236666,0.12347791434587746,0.11363469414196459,0.07576000611100919,9.185602900203818,0.10386734525014951,0.10133467650467232,0.06179961603996009,0.06272,9e-05,-10.735447091320532,0.11333104957647322,0.11032785108058896,8.346385670054845,0.11110745313111892,0.1153736984952154,SNF20060621-012,0.0,0.716,-0.103854619097,0.0323666391909,0.0016423519044,0.000392153522442,0.000361008673332,18.2470120231,0.0670443681503,-1.03307412659,0.175911863296,-12.2079583333,306.67525
-0.01567487655890934,0.12092921030513487,-0.3779121079607677,0.05156122019862872,9.215906705128464,0.10302702092501193,0.10326692164288431,0.05444006146133673,0.0555,5e-05,-9.699617474760023,0.13157256116730665,0.13732354861747886,7.584243634870395,0.13484010420667758,0.12915912332054447,SNF20060621-015,0.0,1.0,-0.09447016173,0.0267572061677,0.000747676475233,0.000490912609829,0.000655262374135,17.4680585225,0.0326125341227,0.512641825968,0.19804225999,-13.4015055556,318.883375
-0.2425872745765482,0.1212747269258388,1.0625210748193084,0.051344221226590235,10.2652681642604,0.10265935936784665,0.09885271767508641,0.07413426761192143,0.0743,6e-05,-10.890134614818376,0.12422501791837703,0.11658833883471331,8.575822874526537,0.1131243353258462,0.1211148153811532,SNF20060624-019,0.9956,0.21833333333333338,0.432083673923,0.0302956555331,0.00108734733237,-0.000305462095826,-0.000282284735745,19.6111460628,0.0421328053172,0.882223889462,0.188035560716,4.19739166667,264.687416667
0.11850515181097374,0.12016747716695772,-0.2886261433126265,0.04958260789023384,9.644823012468112,0.09761202330618701,0.1029923451273067,0.056420104962431106,0.05749,7e-05,-10.485495821910586,0.09707531902297717,0.09992613409805884,9.116489955602292,0.09901164856460021,0.10182187887837557,SNF20060907-000,0.0004,0.9986666666666667,-0.126622314765,0.0259289901673,0.000689550487281,-0.000154352954157,-0.000158807883482,17.6381750939,0.0311429619128,0.0807111100481,0.159357470281,21.4005055556,315.299083333
-0.2818590653959895,0.11874411951869888,0.03051000890473432,0.04517005770730026,10.693161839358776,0.09925125224465603,0.10044814034055527,0.07229974129696859,0.07345,0.00011,-10.352577145056594,0.1360417672600871,0.13713669754079838,8.08759187740782,0.13826460484343173,0.13454388471422796,SNF20060912-000,1.0,0.999,0.101989835678,0.0266038113689,0.000738608440244,-0.000213725725431,-0.00101949049554,18.5217487208,0.0335761787185,0.27285787535,0.19981796504,-8.28544166667,13.1864166667
-0.04077750110503833,0.1232401308068732,-0.16898166547357363,0.06658179067837981,10.787674717500845,0.10292189222054482,0.09909479793422804,0.07694846211070616,0.07799,0.00013,-10.68902466854254,0.17989761740400567,0.16943734878026362,7.847844983614514,0.16618552623520966,0.16202256569547036,SNF20060912-004,1.0,0.7413333333333334,-0.0354812973728,0.0302488729493,0.00119072369136,0.000884347675803,-0.00641719348027,18.4651038087,0.0601940002239,0.21425445232,0.371376489595,-5.671775,24.1165
0.14801488621892597,0.12756817828116104,-0.24309381442868983,0.0452332672686388,8.946613765663317,0.10322495563165823,0.10218797232376531,0.07163078382355703,0.07283,9e-05,-10.74997365118575,0.15606992371442807,0.13957234842562016,7.82071551983274,0.14104181593406917,0.14948087430148949,SNF20060916-002,0.0,0.634,-0.0615213495987,0.0288240269397,0.000780929443716,-0.000109113055086,0.00155883065365,18.2268738591,0.0334606930496,1.49382295232,0.252269146455,4.79399166667,12.6474583333
0.058053917986827436,0.15904419462174801,-0.4862801402873984,0.10531152347699832,8.6082914125879,0.09929762226730432,0.10126392485550362,0.022645825816381526,0.02338,0.00021,-10.302971061157702,0.10340350839173418,0.0991099587591826,7.6885331396851075,0.10105086577644773,0.10211022219883414,SNF20061011-005,0.0,1.0,-0.141628171052,0.0303586860505,0.000930373845977,-0.00022933728037,0.00236818765325,15.4021054734,0.038606306856,0.715234311945,0.209501089318,-1.80425277778,41.6675833333
-0.05201564653286331,0.13262779046009207,0.21651394655830103,0.06879618103576986,10.18699510076553,0.09864536829326553,0.0983592966653557,0.03789636216668346,0.03908,0.00033,-13.066648910789894,0.527966244969301,0.34010410517382184,8.446200479910825,0.10198051035032307,0.10005850260311355,SNF20061020-000,0.9708,0.0,0.00277464871863,0.0289642211553,0.000802959138604,0.000262275955491,0.000497384628743,17.2484973633,0.0330459957547,-1.74107249951,0.17265033754,6.79406944444,10.270375
-0.061589578097572734,0.11896423035407666,0.09550436604833834,0.04783922131324418,11.066351527211399,0.10151975505221422,0.10120843243751132,0.06150926232274623,0.06273,0.00015,-11.991238347629945,0.24488586801209067,0.18459147752973593,8.421965246609233,0.11630606430230195,0.1219740818190207,SNF20061021-003,1.0,0.0,0.0542043382828,0.0265027579767,0.000722965630319,0.000520055862537,0.00126796036754,18.2181804464,0.0318470513088,0.267808018989,0.16728982325,7.16892777778,9.05720833333
-0.08647951224959419,0.12132703360049711,-0.040238642783997136,0.042469030130031775,10.347051670230892,0.10230632152275554,0.09810854882958253,0.07785256685016995,0.079033,5.3e-05,-10.954972404689002,0.11447274749021119,0.11301249221726906,8.741227445679998,0.11573451271493873,0.11445802511015302,SNF20061022-005,1.0,0.09133333333333338,0.057662642121,0.0274688607573,0.000736678072854,0.0006859239298,0.000156430109731,18.6206733773,0.0319916139951,1.1462914867,0.287082768078,-8.88181666667,10.1580416667
-0.2851198417857127,0.1359349351392041,1.874101530059498,0.07576085991125187,10.671169802634672,0.10344609903803459,0.1006066572827713,0.039783465883518554,0.04106,6e-05,-11.397872880820362,0.10081217787977081,0.09759308442869319,8.979024227258964,0.09747373394121439,0.10133530009744973,SNF20061022-014,1.0,0.0,0.563391094767,0.0344987879089,0.00129283284461,0.0016888187091,-0.00184844614125,19.014751298,0.0524381256423,-2.17819880791,0.332864478594,4.42606388889,351.772541667
0.16500785762139922,0.12111474449012793,0.22333071651304692,0.05463636149959253,10.632447212121757,0.09992318798405542,0.10165025316498166,0.05587694847246438,0.056799,0.00015,-11.802804982869056,0.29943547139000515,0.21269898264999476,8.202570790155217,0.13456858735406385,0.12750171845329206,SNF20061024-000,1.0,0.0,-0.0258798870612,0.0275327969977,0.000857548905556,-0.000804027476199,-0.00178833317726,18.128233718,0.0379594677712,-0.901904326741,0.119444292178,-5.87226944444,30.9883333333
0.030870031376155488,0.1409577159769803,0.4205607281118091,0.08875884005431366,9.49703615881624,0.10096008513118271,0.10199705916729584,0.0277702558799382,0.02836,9e-05,-10.368763305262739,0.10086386755131826,0.09591934746440067,8.771805241252686,0.09736682163093668,0.10177655643959582,SNF20061030-010,0.0,1.0,0.125317724044,0.0296910805561,0.00101551660946,-7.31351431447e-05,-0.00104088948171,16.7605240744,0.0414038126551,0.264394150708,0.205280971512,-2.31337777778,49.584
0.057673407011103656,0.11820156947453327,0.0038857738926125762,0.04514229661023352,8.867542156762827,0.10704249396201959,0.10422194728808876,0.06772809887595832,0.06896,5e-05,-9.846295399211257,0.3246457082616985,0.4203948580308765,7.345024631170484,0.421019541204406,0.32356874885327525,SNF20061111-002,0.0,0.999,-0.00585827096446,0.0268897647426,0.000736045957207,0.00100039941159,0.00163770416556,18.345853744,0.0317381434454,0.374473852438,0.202240898091,-13.5187833333,346.827958333
-0.2320108247437155,0.12422311571402461,-0.5715800769051782,0.06156670843031088,11.015906219095648,0.10283192419310971,0.10039556971215013,0.041700991951164834,0.04069,6e-05,-11.566741587172324,0.1081401186107751,0.10342733333833465,8.822592595911491,0.10059155122819874,0.0986722949314025,SNF20070330-024,1.0,0.0,-0.0898425987483,0.0265430609352,0.000745551673692,0.000600602898388,0.000808197939934,16.674475414,0.0326979971621,0.458245417506,0.176158269176,-20.3460444444,204.558458333
-0.04219667652448825,0.11889175130744423,0.05458962940470968,0.06675422290615286,11.10478588643922,0.10106357526358956,0.10024721165536477,0.06803075752349419,0.06706,9e-06,-10.903576303799554,0.5738660061074956,0.5224344775207932,7.080692231757647,0.41045766969513764,0.3412108096183397,SNF20070331-014,1.0,0.42266666666666663,-0.00372994614669,0.0301069177574,0.0013571001563,-0.000493485924531,-0.00265712410751,18.4067324829,0.058627829975,-0.658540702171,0.158131723002,34.9471055556,161.0665
0.13281350199940997,0.12719773699245823,0.704968153619518,0.060609325207898836,9.91654993350367,0.10208655705538838,0.09866498670063883,0.04991738874946261,0.048809,1e-05,-10.974278468210997,0.12612256120410947,0.12633894923598987,8.012153211889078,0.12071033305979473,0.11845717164674596,SNF20070403-000,0.195,0.08699999999999997,0.0796249987914,0.0308360681396,0.001027262959,-0.000253599277374,-0.00122769813441,18.35515371,0.0422011378489,-2.12066215606,0.168279749951,23.2637277778,161.236791667
0.15391099291123775,0.11716701966964171,0.02251505005829557,0.04468266890722521,9.466983319565724,0.0999414473632001,0.10214421650926298,0.06817108863200683,0.06754,9e-05,-10.56668761464056,0.20769188823689078,0.23407813854830017,7.448999783709038,0.22326966729216124,0.20592764908846561,SNF20070424-003,0.0,0.8683333333333334,-0.0306406694926,0.0258626557574,0.000687945773656,-2.30149297e-05,0.00057649231287,18.3793609587,0.0312040267059,0.350852520427,0.104360397133,18.6047305556,224.476333333
-0.03352167183107971,0.12193728228110329,-0.48753101394728304,0.04341135701432623,10.54068108105237,0.09909960709073928,0.09858078611590315,0.07768538310344941,0.076603,1.9e-05,-11.712930421725616,0.581915891489448,0.41848883245409674,7.700795480032443,0.20193389882846358,0.20158159087825034,SNF20070427-001,1.0,0.004666666666666708,-0.115176251158,0.0274465260572,0.000769500091564,-0.000908524839512,-0.000864647747143,18.1684426872,0.0332105697374,0.686589550938,0.1857343872,28.1443416667,164.014333333
-0.09079064895918312,0.1195837092218476,-0.06862176345915572,0.051278998580351835,10.131836792671987,0.09858648506051004,0.09857430680852275,0.06709038898760955,0.0664,5e-05,-10.431463503926565,0.11497169639789284,0.11816371824507321,7.910773368330343,0.11442075639537119,0.1156743482883904,SNF20070429-000,0.9044,0.9993333333333333,-0.0356636540567,0.0279091426698,0.000888721210398,-0.000566202935595,-0.000789548796043,18.2517646744,0.0397408452275,-0.871562275723,0.0960716985122,33.168725,212.515791667
-0.11236061764611596,0.1290732508460266,-0.4056868234044302,0.06897834693784376,9.879456231466616,0.1014288157605101,0.0996741769970022,0.03548717270446833,0.03486,8e-05,-10.157910482455126,0.11603556656783987,0.11945265551079132,7.466264799866041,0.11834653605725087,0.1134434580420356,SNF20070506-006,0.1128,1.0,-0.0443715895139,0.0262688885072,0.000705312214591,-0.000109441726466,0.000507057544223,16.4796495287,0.0314609366282,1.19315577553,0.103167442717,4.87609166667,227.396875
-0.03485077864582356,0.13214421228359133,0.01597838889797032,0.07040247034106187,10.826986771089775,0.09756478166905147,0.09837654068062918,0.03590289113380707,0.03517,5e-05,-11.188328483293878,0.10008993188242243,0.10413121470456765,8.55103575385608,0.10409100614425171,0.10011430550806821,SNF20070531-011,1.0,0.0,-0.0578901534618,0.0282593449031,0.000813205650892,-0.000327265393292,-0.00163505863458,16.9272984426,0.035906983197,-1.59950058954,0.197784762593,8.76065555556,220.714958333
0.02988084807024402,0.1168688812523816,-0.1369663521337685,0.04405414226443214,9.659668824414911,0.10025793651444914,0.10391766707040162,0.07060832727059818,0.07189,9e-05,-10.522825600430412,0.15648528244741655,0.14459726729965894,7.864552936582783,0.15001892504753478,0.15414640935905766,SNF20070630-006,0.0006,0.964,-0.0401404439641,0.0259588313632,0.000697054010217,2.7500871157e-05,0.00056542755258,18.3001217372,0.0314215214954,0.382807582094,0.113490923714,19.2230055556,353.865291667
-0.333893972902073,0.11940980828364703,-0.28354266832015895,0.04897017176599115,10.764319080110306,0.10312225181692014,0.0994286774516926,0.06836329928985885,0.06962,5e-05,-11.127119931905966,0.12464820934814291,0.1167376146680148,8.416841530315605,0.11144390470738941,0.11699520241138295,SNF20070701-005,1.0,0.0033333333333332993,0.0129203803147,0.0278140860542,0.000868500883814,-0.000419256612441,-0.000908953510578,18.0797300216,0.0372373703089,0.0663298070142,0.156902061754,-9.97873055556,351.286708333
0.01636788554282939,0.1357177666202102,-0.03040223240552109,0.0845584361858067,9.94782278791617,0.10364141863909104,0.09689612035568551,0.02976690738176213,0.03,0.00011,-10.357572286635264,0.10642938987820472,0.09718499669190628,8.022774201318489,0.10076162890737983,0.10499791907642653,SNF20070712-000,0.295,1.0,-0.0211213973594,0.0280819247797,0.000948124030838,-0.000111319451937,-0.000886302292605,16.4636793556,0.0420017919481,-0.034325502763,0.161657904363,55.265225,266.547958333
0.0014608926187541227,0.11733779208113482,-0.17488585494075437,0.0431723010294531,8.089151904712459,0.13877302974272965,0.1406575636695191,0.07383209201436824,0.07385,7e-05,-11.397612406735107,0.4477435389131319,0.3113656328050052,7.670224132892765,0.18319241261351404,0.18272576406117746,SNF20070712-003,0.0,0.018333333333333313,-0.0342512108701,0.0263112056475,0.000712249599839,0.000455760745848,0.00104294112079,18.36438025,0.0315373543944,0.589391059202,0.175609727454,50.5975166667,250.667625
-0.15862589047239842,0.12394602398920374,0.8332628561154323,0.060778819663169316,10.429222582586123,0.09958206579042894,0.09817898522601709,0.041721261410961885,0.04127,5e-05,-10.808407569804771,0.10595698599688319,0.10660606511721937,8.237931910917338,0.10334908540722587,0.10156149012445859,SNF20070714-007,1.0,0.46099999999999997,0.248915666421,0.0265547529327,0.00071947466415,3.22888754153e-05,0.000108693125987,18.0804072331,0.0312791893391,-1.16516054636,0.111145891138,3.49575555556,236.663125
0.09372156215816072,0.12054086710067968,-0.3546775252472685,0.0479464800524657,9.132937969997634,0.1040410448285698,0.10443566425445283,0.06690867863105998,0.06803,6e-05,-10.009997046619567,0.2961116901637322,0.3448065305985324,7.194299463392645,0.34141037245695216,0.29539909557995436,SNF20070725-001,0.0,0.9986666666666667,-0.112298069879,0.0271495270843,0.000792566733011,-0.000676342572858,-0.000777634460644,17.9595235811,0.0352390893174,0.713808662378,0.148333443652,8.27148888889,316.258166667
-0.2806062889642341,0.13091231344730242,-0.555421081898011,0.07510090448772311,10.750127720254707,0.0990962848437551,0.09821736913319157,0.06610835379504754,0.06606,0.00179,-11.866098079683093,0.6393707922437635,0.5059222568270769,7.583837633681982,0.23996142024614642,0.2349292458862564,SNF20070727-016,1.0,0.008000000000000007,-0.0777159743333,0.0257470911669,0.000717335342463,-0.000366428620412,-0.000577393717953,17.7313450792,0.0332293286474,0.27720108326,0.10853011196,56.0681027778,243.623958333
-0.04880870995517275,0.11686402982435552,0.15190683228855306,0.04644223485325867,11.2956874434874,0.10437357694455507,0.10327921176633126,0.06476514496614616,0.06472,0.00011,-12.030379886373767,0.6538994391756088,0.5314534497365742,7.779990253546195,0.19565200083927703,0.19216416832409244,SNF20070802-000,1.0,0.0013333333333332975,0.0585444299995,0.0261395476601,0.000718891477125,0.00067262282004,0.00147940863557,18.3919070263,0.0319237302847,0.0559569903472,0.149651394214,56.3949305556,243.716125
0.07918081053874668,0.12652798235650387,0.04711736283913126,0.059984266719701,10.807396804152756,0.10100201288175192,0.09817034037684991,0.04400508715255058,0.045217,1e-05,-12.048792816319377,0.5801971977865215,0.37463272802362013,7.737431378655201,0.17241955669604803,0.1727949895585903,SNF20070806-026,1.0,0.0,-0.0882724963553,0.0277580631656,0.000754934688207,-0.000344620265881,-0.0010963753242,17.4137785148,0.0341005412595,-1.716583227,0.144407756,4.49523888889,328.468375
-0.1319592659222885,0.11650923297661075,0.016340517643250507,0.043320658214772635,10.27154360968047,0.10064829988220048,0.10079486839600271,0.07337644957354916,0.07449,0.0001,-10.926734274235269,0.2812160008002387,0.3130540923503595,7.660888406997509,0.2588636502085455,0.24826696837773632,SNF20070818-001,0.9962,0.346,0.0479215114229,0.0261941806074,0.000712704560077,0.000279493165351,0.000497185094575,18.541425536,0.0314982726433,0.183559032907,0.156774558058,-6.45386388889,17.7285416667
0.000961555440478129,0.11685970929087959,0.3156412015979839,0.04620015922879881,10.163399586190682,0.10154440970802803,0.09841547379621929,0.06866322986122952,0.06991,8e-05,-10.597764497990921,0.10412200221727907,0.1081188595641489,8.588393825563347,0.10716067326269219,0.10438181778436828,SNF20070820-000,0.946,0.9693333333333334,0.0779754165345,0.0261932536113,0.000735391099872,-0.000281422620866,-0.000771775054791,18.6889080643,0.0335844496694,-0.307538449096,0.125247161412,24.3655777778,340.928583333
0.10676601415132078,0.12254913123640118,-0.21809066715483993,0.04401346762934686,10.067879707374068,0.10019698650687836,0.09550955930644278,0.06737817058629259,0.06867,8e-05,-10.644452214996688,0.0995778721616194,0.10577189688028987,8.595815887867348,0.10552698449906472,0.10442941549852414,SNF20070831-015,0.7514,0.9333333333333333,-0.022669443932,0.0265339942397,0.000667681328432,-0.000778538793042,-0.000271780477152,18.1120590761,0.0298644541968,1.92942745945,0.177458777557,10.7948027778,337.8565
0.0699806407074369,0.11678794626951063,0.3043725247837443,0.043690293674183985,10.338924822505362,0.09726444411920454,0.10073228638513854,0.06802186149066469,0.06911,0.0001,-10.888645812219377,0.11058002187450455,0.11146409924836931,8.62061250207601,0.11069212639018744,0.11150622420019829,SNF20070902-018,0.999,0.21666666666666667,0.0371596350557,0.0255708035258,0.00065122817355,-0.000179113859252,7.75011006641e-05,18.6562169249,0.0296574286684,-0.688298188138,0.0875045019161,-4.23765,20.289125
-0.11188242887288671,0.11577583982130941,-0.025816032147908174,0.044428012076590966,9.534756390620863,0.10342758587182033,0.10134558477894551,0.07398350239480944,0.0751051,2e-05,-10.375713709306561,0.1797655931605,0.17495219233820158,8.13907436063806,0.17509195403943156,0.17279604422332362,SNF20070902-021,0.0,0.9923333333333333,0.014330764209,0.0260228651835,0.000728868763782,-0.000267889262406,-0.000508999859005,18.5181440471,0.0333472075391,-0.157434560556,0.0971236284125,33.2927166667,7.50291666667
0.12832146053483692,0.12934011035219933,-0.1275674852577069,0.0615597857906409,9.169731811794016,0.107381173176341,0.10406261793594496,0.07621704318789746,0.076927,0.000706,-10.752292175289018,0.27028842343375636,0.26422298297417157,7.4815456956706825,0.25326809490103486,0.24054036384343558,SNF20071003-004,0.0,0.563,-0.0329704035446,0.0327729051387,0.00136425743953,0.00453414526644,0.0127471732061,18.4845956072,0.0507277224135,1.19155544196,0.342287723024,-16.3248972222,41.20375
0.1142561927281299,0.12004645754324028,0.4480895902539572,0.054701569912434314,8.949857236677055,0.10054679610108508,0.10130454605288008,0.054658751997771704,0.05552,9e-05,-10.907129217645002,0.1105921445686846,0.12030976534731153,8.520508483948568,0.11203979111623141,0.11052449061022962,SNF20071003-016,0.0,0.19166666666666665,0.0931113172991,0.027244785919,0.000838775404395,-0.000221196605927,-0.00101149739292,18.3031254,0.0374323228763,-0.0899588332493,0.144972269759,9.75015555556,36.8590416667
0.24971380868459145,0.13185738129972044,1.1968923020421443,0.06838539801200104,10.684402248387904,0.1006424848762375,0.1004786921553702,0.0373737500162894,0.03865,9e-05,-10.638213292158932,0.0994654160778925,0.10577165048685266,8.361368496667716,0.10430732676397447,0.1007405121022078,SNF20071015-000,1.0,0.9426666666666667,0.328909726124,0.029088538872,0.000877329141572,0.000668047584837,0.000193407276862,18.1978508533,0.0356851494233,1.03440301839,0.269935036526,9.12425555556,346.393375
-0.0199391419433447,0.14058359583425342,0.20999153080127542,0.08992458723426792,9.68330795267423,0.10141412374744618,0.09705219618586725,0.026398535220334196,0.0276,0.00015,-10.30569160001656,0.10799207810220679,0.10608013738334066,7.79715631398671,0.10537857813127083,0.10774097781423908,SNF20071021-000,0.001,1.0,0.0413954919676,0.0280939448717,0.000831643615653,0.00114943052033,0.00182357617978,16.4376507768,0.0341749312069,-0.556767905242,0.169343582108,16.3349916667,3.74929166667
-0.18493697705851067,0.11806550879409647,-0.374555573046095,0.04247666936278448,9.120259423794813,0.09953951485044499,0.10591990222707892,0.07405813280768125,0.07336,0.00011,-11.073611543252166,0.1843632143057068,0.18181608704854213,7.774643516203288,0.1659051937210494,0.16607252623655366,SNF20071108-021,0.0,0.061000000000000054,-0.0230524391253,0.0256257542754,0.00066502464879,-0.000522099359152,-0.000985219494882,18.1717148147,0.0305635835078,0.947756375603,0.173085371666,30.5466305556,121.526333333
-0.16554503197388973,0.12141548465261748,-0.0652454199963941,0.051729913194888705,10.117539139900899,0.09865420504848643,0.10207963336038972,0.05403084540573322,0.05395,5e-05,-10.838307716374763,0.1020006131941269,0.10158200890542801,8.897070648745867,0.09995670111062083,0.10155807740058798,SNF20080507-000,0.88,0.351,0.0637824472245,0.0270841839789,0.000758041931209,0.000909613422213,0.00133529190112,17.7636678375,0.0325076974704,0.901154553614,0.224960955484,50.2785444444,243.778916667
0.06860760546815423,0.11860405958324435,-0.16668907914316833,0.04439550461357688,8.54,0.55,0.65,0.07245953475513289,0.07182,5e-05,-10.853696981543926,0.4414967019081324,0.42916594703429034,7.247357561425578,0.35696400507957016,0.30759921977159355,SNF20080510-001,0.0,0.44833333333333336,-0.057723629599,0.027045787857,0.000752300449169,0.00052218828601,0.00132191141271,18.3296029157,0.0327204889554,0.462326105056,0.177359692867,18.8539166667,224.055541667
-0.07398325354006877,0.11760411214128635,-0.328760260795363,0.04897073983796727,7.969608537747568,0.21602978334468226,0.1994532396294897,0.07737665026690399,0.07742,5e-05,-10.672763701700006,0.3972097566477881,0.4606459764785402,7.174959691424068,0.4075676940884616,0.3195005537022686,SNF20080512-008,0.0,0.628,-0.044640987996,0.0276980668455,0.000923708944068,-0.000407755300459,-0.00070848954433,18.3180674515,0.0401072952343,0.90957187625,0.145717461651,31.3532555556,255.896375
-0.08844672945431645,0.14371461180978637,0.043384450521323004,0.08897961002863186,11.714370424532714,0.10335341059703929,0.10237889417706825,0.06324191553242997,0.06316,0.00219,-12.989715822740427,0.5502512153723469,0.34710024133293693,8.914741850014165,0.10322070861567312,0.10607494975893239,SNF20080512-010,1.0,0.0,-0.0247891527399,0.0286246393335,0.000793310563958,0.00139701330676,0.00151291524034,18.2292157332,0.0329242821174,-1.4049951227,0.262714440866,52.4522222222,242.768125
0.17160439561264904,0.14767655782762157,0.016539923526529776,0.09992161248157477,10.693546754027322,0.10045184487898418,0.09922314413020139,0.022860486713744965,0.021879,1e-05,-12.192200526256524,0.1225403229957891,0.12702788942197785,8.64378364080859,0.1005802426248188,0.10215844253754369,SNF20080514-002,1.0,0.0,-0.122566744949,0.0263819938484,0.000703770972945,1.13536380649e-05,0.000374390511614,15.9257738278,0.0309951946231,-1.63703055127,0.0958613728336,11.2723888889,202.303375
0.03698150262033048,0.12129692037657079,-0.252290658415248,0.046025534676355104,8.783784348978305,0.12412294872371454,0.12012592063689631,0.07326189116696047,0.07267,7e-05,-10.538018271077487,0.16075992377902715,0.16647881327988578,7.690319601570161,0.15791807785672152,0.1622020978519032,SNF20080516-000,0.0,0.9466666666666667,-0.0372484188818,0.0274251860698,0.000809887202058,-0.000766280926956,-0.00132198120659,18.2692157554,0.035150015856,1.33122578248,0.208222005884,56.4073694444,170.62375
0.040611147405196085,0.11604021613303456,-0.18147373657341603,0.04362654291884956,10.624110935103813,0.10071275382163059,0.09728943695399828,0.07460025014357874,0.074356,7e-06,-10.996338016325698,0.4029358632493967,0.39830183823651844,7.315034143304372,0.36691739969657533,0.30020798400917226,SNF20080516-022,1.0,0.29833333333333334,-0.0669681250213,0.0258499084866,0.000709269907355,-0.000212486628119,-0.000530349417165,18.3815126813,0.0324954083988,0.150272515906,0.127174627683,58.0027222222,224.866458333
-0.06005507431885851,0.1266991980365962,-0.40840877390732544,0.06536711793760207,8.615152427925327,0.09895256870292002,0.09818001258141784,0.03834880565766019,0.03777,6e-05,-10.23419879453234,0.10237810533801195,0.10589027129923245,8.090266270990046,0.1039905561428851,0.1006737863854461,SNF20080522-011,0.0,1.0,-0.0766485416504,0.026922454631,0.000756464913399,0.000720586729458,0.001270935711,16.650099704,0.0324809416197,0.831178372056,0.172912871992,4.90470277778,229.995458333
0.04995743581140241,0.12761434372723554,0.0019691389326794706,0.06733730359025916,9.995122740857884,0.1006088697134313,0.10099766380521302,0.0368126517050642,0.03658,7e-05,-9.971738329616784,0.10711671508222942,0.10561337116565994,7.850963552553029,0.10567971123605346,0.10467975607018687,SNF20080531-000,0.4832,1.0,-0.041776842376,0.0268067906945,0.000747389944088,0.0006758670187,0.00118763919646,16.9691446771,0.032214629198,-0.510484388741,0.16867417487,19.1171805556,244.248666667
0.08995780374710657,0.13201053344974903,0.05920501768228803,0.07565297137355605,8.906505500931983,0.11023531331529668,0.10541693708445798,0.07883286325413175,0.07819,0.002267,-10.971773737933379,0.23995048238643513,0.22398778432346944,7.676097088946662,0.19483401229758535,0.1981207328178769,SNF20080610-000,0.0,0.2263333333333334,-0.00942450381117,0.0263668084689,0.000732289485682,0.0001569895672,8.88604685402e-05,18.7488725098,0.0326379638298,0.125076003982,0.160455084298,1.86160277778,228.453958333
-0.2445175033735915,0.1324438675816472,-0.4395444853778372,0.07505631680923137,9.913780721576181,0.09523980503106877,0.10086466765255864,0.032818970840662764,0.03258,7e-05,-11.156083418233248,0.10895196995852352,0.10628918196995762,8.520622308866383,0.10569303789736395,0.10435867714677016,SNF20080612-003,0.1956,0.0,-0.0337962764721,0.0274516771502,0.000821797890902,-6.36676733878e-05,-0.000320387182516,16.2716027054,0.0351307717992,0.734426174749,0.172132739136,19.2266416667,243.86825
-0.14981878237987947,0.12613181120827627,0.19931853621369555,0.05575425675188782,10.56280714484919,0.09710079512639602,0.10362668759811022,0.07505696180666743,0.074331,0.001232,-12.180599730597256,0.5333486947249799,0.3682205358248538,8.142784159898365,0.15186852650542892,0.14595050034920298,SNF20080614-010,1.0,0.0,0.00254590564439,0.0284618972987,0.000753658371907,0.000122794364206,0.000400718186833,18.7762981822,0.0316403631249,-2.32620159321,0.144691319787,23.9352555556,216.721041667
0.06806658102871163,0.13115993196333067,0.2528065951173559,0.07350895742773801,8.984144224573562,0.100299272406291,0.09817147038281959,0.03319907200238137,0.03295,5e-05,-10.524934876566439,0.09671887160372883,0.10240917785572812,8.537567322990874,0.10278430765674429,0.09850409605535049,SNF20080620-000,0.0,0.9976666666666667,0.0130300344516,0.027374449857,0.000781268626068,0.000293539223221,0.000388429139445,16.9895941951,0.0333873357397,-0.897666517535,0.141488062314,22.7257972222,242.572791667
0.2022671082216639,0.12151805350119359,0.0014145520857979932,0.057939671744819295,8.811006281742884,0.10202012458262999,0.10221857910527632,0.04483939658643621,0.04517,8e-05,-10.386622935013722,0.3327654402785445,0.38781528034504653,7.086124503780752,0.3856259940292093,0.3173670990102684,SNF20080623-001,0.0,0.892,-0.0668006530098,0.0260215809201,0.000715872941312,0.000433585400022,0.000886714183453,17.4102427778,0.0315712866145,0.00149386286508,0.124593834211,50.1809777778,272.916416667
-0.0317287027481378,0.11839321888955051,0.48638827209754254,0.04797805689374086,10.375235006023473,0.09998883942958336,0.09982728466794555,0.05864438393701654,0.05985,8e-05,-10.840770701705015,0.10338743697487907,0.1000292965006171,8.87857118416852,0.10218508814932825,0.10159577903239381,SNF20080717-000,1.0,0.3483333333333334,0.179984008102,0.0257019232082,0.000672241108999,-7.32303791297e-05,0.000335827159013,18.5008019874,0.0303654629351,0.624088102404,0.117217664602,24.9979166667,1.72616666667
0.06600256190701467,0.12006142934856484,0.00014939551049053534,0.05074076824484975,9.826191239641688,0.10019125312563482,0.10251724076161928,0.05393286145878817,0.05519,9e-05,-10.484243472515338,0.09927241034461254,0.100092859822281,8.556720870379511,0.10236921187941483,0.10343238280643341,SNF20080725-004,0.0472,0.9993333333333333,-0.000555028894657,0.0256676755837,0.00067328301457,-0.000194596979404,0.000187074245822,17.8249599398,0.0306663517911,0.585755697845,0.122959878283,19.9314166667,354.341291667
-0.1592364865778159,0.1292160151606038,0.27781702634044336,0.07378815055922082,9.992772214791675,0.10442634182097166,0.10068245254991304,0.07550800084947706,0.07575,0.00178,-11.86138126949864,0.47078135304030333,0.30645119597549453,8.218531778763875,0.18312505686906455,0.1671152049263327,SNF20080731-000,0.4734,0.0,0.0725903967302,0.0289476583536,0.00102316907131,-0.000246508567975,-0.000452179605661,18.8685369355,0.0446910283,-1.31411630368,0.112311420461,33.0410416667,266.013083333
-0.0707651779834372,0.13196768782836454,0.16753068640578306,0.07148909922089385,10.686801994423654,0.09959832469181507,0.10002378033308545,0.07109467106557266,0.07211,0.00179,-11.870643891656076,0.5007977068481217,0.34701452323819026,8.016229704795258,0.16548829975186408,0.1726510358768074,SNF20080802-006,1.0,0.0,-0.00323079085572,0.0276258242746,0.000755952029707,-0.000353010524177,-0.000551031134684,18.6203144883,0.0344774053043,-1.66460848618,0.114230052886,28.1332805556,23.40325
-0.02606822471164852,0.11838186639558602,0.28595320446886063,0.04994414359794644,10.65658147448751,0.097525069829409,0.09716559392633961,0.05677841741418521,0.05678,5e-05,-11.24956595995255,0.122891393333461,0.11395736205385099,8.308959753600384,0.10794727320967112,0.10901860594701418,SNF20080803-000,1.0,0.0,0.106012704213,0.0262557272269,0.000727155595997,0.000367957241447,0.00103768428198,18.2270897732,0.0320640809371,0.369801698754,0.125411381897,23.1323888889,255.03
-0.06652373328436814,0.11907553819732453,-0.0377083452335043,0.04895517025302569,10.360827835530586,0.09639667862000145,0.0977476855433217,0.061009081946296284,0.06115,6e-05,-10.641508806609522,0.0989190230438961,0.10707696991838667,8.719949287761075,0.10600718837047651,0.0983840993211782,SNF20080806-002,1.0,0.9410000000000001,0.0353820411392,0.0262222524953,0.000744454897226,-0.000576820787485,-0.00109617469027,18.0664191583,0.0335442135877,0.748547990593,0.146793607917,45.5436805556,259.726541667
0.015006304583965097,0.12362209359180514,0.08907528036531431,0.060446093662042844,10.51042622117889,0.09625691639290679,0.10559174277783079,0.042392899062715594,0.04261,9e-05,-11.552552974007655,0.5045517975260001,0.3563530413598439,7.500482866718756,0.20979854871143022,0.19819479298984177,SNF20080810-001,1.0,0.008666666666666711,-0.0209523679756,0.0265308216059,0.000729771795072,0.000214680669817,0.000642271426157,17.3720132098,0.0317604816644,-0.89947431691,0.104100709028,37.8687638889,264.903208333
0.022391945533693253,0.1415031909938079,0.21808900788083463,0.08979360962122043,11.124715477006996,0.09932982804935797,0.10004137847452732,0.06369378409379789,0.06492,0.00199,-12.531645455473818,0.6233906826316158,0.39431067395805997,8.409605652329926,0.12629118010962515,0.12289082704751486,SNF20080815-017,1.0,0.0,-0.0229760731842,0.0324041441617,0.00124725865987,-4.99694582079e-05,-0.00111092165009,18.4201186218,0.0479355540163,-1.82177588523,0.159702451988,24.9932138889,337.572083333
-0.12166323500197299,0.11722888596624725,-0.12456064865749994,0.04239456715612618,10.528867202830448,0.10279954400045455,0.0962568615857613,0.07365080759204146,0.07464,5e-05,-10.87867023602606,0.10390881898129045,0.10253266806336292,8.764411517271304,0.10314381072685208,0.10372372719899126,SNF20080821-000,1.0,0.22233333333333338,0.0159392030342,0.0258710955722,0.000676612490105,0.000245801306382,0.000668548103311,18.4090732844,0.0304279202453,0.52018504127,0.172863803486,6.174525,306.083
-0.19110687551600383,0.11948362451831836,-0.3564293699754444,0.04701898362830594,10.915555252787623,0.09493683150390098,0.1049757112757721,0.0696394262733182,0.07091,9e-05,-10.911912894381466,0.13394390388787336,0.13395274199928586,8.215021214267141,0.13187415758542897,0.130956947706375,SNF20080822-005,1.0,0.20299999999999996,-0.0255427100021,0.0271363954257,0.000793716659725,9.27555884059e-05,-0.000759701798751,18.0490801569,0.0350801048793,0.714547115788,0.227058656138,19.2072805556,357.342791667
-0.22253798334169309,0.1264113884432174,-0.18381253484648852,0.06402247354638498,10.924866315400166,0.09708838133530051,0.09741991532778727,0.04009286151836022,0.041052,7.7e-05,-12.468836031230095,0.4296449741188919,0.2702501351194133,8.513687936515204,0.11395814773723423,0.11375863612216186,SNF20080825-010,1.0,0.0,-0.0280831795985,0.0279693644358,0.000818517447845,0.000907044026057,0.00167220658061,16.9741739478,0.0338830784489,-0.812678798629,0.168197040411,-13.3121305556,24.4199583333
0.02305379720158593,0.12307099271360356,-0.3269614494971691,0.05454882700042138,8.410191517897605,0.111209417406684,0.1080001732064435,0.05139819042322591,0.05255,5e-05,-10.15446645618064,0.17129349110144965,0.17360197522694065,7.462398436530848,0.17468721557944455,0.17128184951707492,SNF20080908-000,0.0,1.0,-0.104926849104,0.0276347597235,0.000808053470202,0.000927068682513,0.00229349557584,17.3891464712,0.0344414873769,0.179249144862,0.201680968568,-19.5788583333,341.802625
-0.03988216320392515,0.13465169555118442,-0.15876241901456467,0.07900289978548888,9.228673217333746,0.09987917193373619,0.10225914699786465,0.03013518206741539,0.03134,5e-05,-9.622445235337128,0.16010447827040686,0.17194124492737295,6.904695516192863,0.16980826621608358,0.1593472706616561,SNF20080909-030,0.0,1.0,0.00919058372636,0.0271169038138,0.000753061732768,0.000297234911581,0.000879260549379,16.3626368454,0.0321894837583,1.19593932768,0.125983024546,13.0552944444,330.454416667
-0.0765735759098313,0.14234484479202064,-0.021285771396357234,0.08851793548621406,10.520762249005399,0.10156086458016489,0.09620603530871108,0.05429280497779132,0.05519,0.00179,-11.402092047611744,0.517830194494854,0.4208436030239735,7.358981174635705,0.27325456604928267,0.26316111245907425,SNF20080913-031,1.0,0.07266666666666666,0.0140287835036,0.0275800410619,0.000788775097442,0.000225598785099,0.000977104918014,17.8185610125,0.0333219184162,0.0568463548119,0.19277154585,23.8804444444,32.8915833333
-0.08211938267581123,0.14701907456104235,0.37512847915333936,0.09858400483598787,10.004656861164229,0.09641085714180164,0.09839857036794442,0.023548429347068245,0.023626,9e-06,-11.157715425719696,0.10271203431918607,0.09873142970104176,8.468819129834731,0.10036209272246843,0.10236524507262956,SNF20080914-001,0.5158,0.0003333333333332966,0.131882240256,0.0281773215038,0.00085044134361,0.000487993256903,0.00149814584343,16.3499036441,0.0348550040677,-0.0673878392983,0.138216919777,-0.0689805555556,74.36425
0.10046642837282102,0.12353534406113403,0.3264281797774089,0.04615424955292238,10.223406391688606,0.10062536321729887,0.09923434359703265,0.06530949112504247,0.06655,6e-05,-10.565549945090542,0.1522679162252203,0.14929360431472638,7.8043852803782,0.14871932195816573,0.14323779141831228,SNF20080918-000,0.9852,0.9403333333333334,0.122689470469,0.0278583350548,0.000749260569822,0.000323611984106,0.00100887016187,18.5854913353,0.0319490514513,1.38028746714,0.240744391494,25.2141166667,353.329041667
-0.33156001863937734,0.12637296583107482,-0.44365763019838766,0.06260871178708165,8.298294421341478,0.11998331178276267,0.12188950384744324,0.04107507717449965,0.04214,6e-05,-10.946703324410016,0.1658815328091805,0.14909762727844367,8.093575147604426,0.1528303092271095,0.1589730684100612,SNF20080919-001,0.0,0.16366666666666663,-0.00369200145941,0.0274338374811,0.000783542014833,0.000481800081044,0.00146522378733,16.7685181344,0.0333913503001,0.844716356285,0.158018676568,-11.1264333333,16.6864166667
0.13282803729583245,0.12434225056479903,0.5277024923990297,0.052479416323092574,9.95241686763507,0.09987838569340113,0.1019599746722637,0.054817424281636606,0.05564,5e-05,-10.622654337501308,0.1333499601764334,0.13574092162075502,7.888041665109231,0.12956769131995216,0.13069498910557442,SNF20080919-002,0.3214,0.9076666666666666,0.04773572442,0.0290948187697,0.000834400304738,0.000282385295649,0.00135577122124,18.3892937859,0.0343655525148,-1.59425396145,0.133912372711,-8.64983888889,36.3383333333
-0.05643674049382033,0.1293106875916308,-0.20653336870162065,0.06429225838371673,9.649222294051516,0.09737665144472629,0.09603114798095724,0.03954744355706752,0.04042,7e-05,-10.51567586134789,0.10248647714844594,0.10256506105895724,8.307552556126225,0.10191959893347224,0.10016761703448296,SNF20080920-000,0.0,0.997,-0.00826588229056,0.0277903389489,0.000784010538902,0.000851575632012,0.00188832861014,16.92080281,0.0332239254678,1.01063922825,0.230833574382,4.45465277778,35.1413333333
-0.1911557401458858,0.11559705157101798,-0.22795340226358718,0.04343948701994846,9.136192574881424,0.10646293463263312,0.10456146282145085,0.07134325213635773,0.07255,5e-05,-11.650557038960423,0.6456313441004937,0.5234023042027456,7.461805898895031,0.3845546592464757,0.31798692966097075,SNF20080926-009,0.0,0.05833333333333335,-0.00713683327784,0.0259140752616,0.000694458758625,0.000199245971861,0.000518544707197,18.2328133834,0.0309558375778,0.222259686775,0.10003632182,-10.9725027778,332.093208333
-0.22835501817399054,0.11957334535301256,-0.15017843139069953,0.04878781121071523,10.89887870766335,0.10116268431112907,0.09999048499297203,0.06700320439772667,0.065846,0.000168,-12.28109983506996,0.7185945166247905,0.4356159640881607,8.08294831434712,0.13815323793997436,0.13512739040842092,SNIC3573,1.0,0.0,0.0369932639211,0.0285638814597,0.000884772932291,0.00105770420278,0.00253298424924,18.167242284,0.0360596257832,0.431351070592,0.172749353649,11.7578055556,189.11525
-0.02551677957653245,0.1505915570532403,0.30858022580422784,0.10470899625695673,10.86003570160631,0.10132953462503558,0.09804575314029407,0.02181574603308034,0.020728,2e-05,-11.121008289298402,0.10180319891533962,0.10346292282870095,8.77363461255875,0.09918057411944581,0.10171871792819154,SNNGC4076,1.0,0.0006666666666667043,0.0990152864403,0.0268786184064,0.000754589696367,9.98837168177e-05,0.0005879139963,16.1144759777,0.0324408724693,0.0467505673281,0.104044236956,20.2031666667,181.13725
0.027016034329728406,0.14435195015440497,0.2771127295547089,0.08746214798123086,11.090302352645855,0.10086375997288677,0.09887887328420852,0.02748844930476735,0.027612,1.7e-05,-11.938658542219128,0.6289226261396035,0.5844696141548855,6.704219399563977,0.36718078039798296,0.31158591097188104,SNNGC6343,1.0,0.02833333333333332,-0.0217775829324,0.0317169394376,0.00101118069387,0.0011974511166,0.00228061572266,16.5944547706,0.0375164677286,-2.18490056027,0.207771975858,41.0667194444,259.341791667
-0.016363101860844914,0.1455800948698966,1.3691031465975882,0.08905151193978637,10.71255936589037,0.0988787153056041,0.10208648273178689,0.02854231881130409,0.0298,0.0001,-11.0445728074766,0.1088831511216366,0.09874141458842622,8.513064352385408,0.0996089611369051,0.10597973577273301,SNNGC7589,1.0,0.01100000000000001,0.466891187519,0.0393946817028,0.00162171847484,0.0104695653761,0.0116715623139,17.7699089761,0.0456538081473,1.1214252342,0.512629274059,0.261972222222,349.568958333
0.05234356525140735,0.13202022633680763,0.009841337888538249,0.06923383993950376,10.97756668748239,0.09785253178524655,0.10103586960910427,0.036718939507763615,0.036446,0.000211,-10.81793132205964,0.6519867639277965,0.4704408899842818,6.870716090013753,0.3439564613582622,0.2929360533680079,SNPGC51271,1.0,0.489,-0.108853475544,0.0291009725545,0.000834839008128,0.00037818883401,0.00102900798556,16.9713257929,0.0337692061663,-2.1246761178,0.142706393798,61.5710805556,215.313041667
0.13475125169837052,0.12929382924839988,-0.1559980820226059,0.07027050313349292,11.182417394420995,0.09724880525933877,0.09772063063002001,0.03557243849022451,0.034587,5e-05,-10.399680062365388,0.10704353135178835,0.10463099465777859,7.852782240036956,0.10424034040046237,0.10758293555013854,SNhunt46,1.0,0.9996666666666667,-0.0877920910309,0.0285613591043,0.000869623782783,0.0019460347754,0.0027309173991,16.7346917319,0.0346741604919,0.155254509284,0.233122389454,21.9876944444,140.71925
0.2704613135677384,0.14127921556558723,0.7093482250079362,0.0769968196538809,11.397854300756357,0.09838211162839983,0.10129220832037866,0.03278544628843183,0.031829,6.3e-05,-13.357344671448924,0.6543580579740951,0.4334929058118213,8.666260016337992,0.10038825191893075,0.103200618921651,SNhunt89,1.0,0.0,0.0474766463959,0.0329292092228,0.00105041433409,-2.36875990067e-05,0.00050084389391,17.4182200673,0.0390424545514,-1.91688923355,0.165170585635,33.5162777778,176.053916667
